INSERT INTO Equipa (idEquipa,nome,idPessoa) VALUES (1,'CDP',1);
INSERT INTO Equipa (idEquipa,nome,idPessoa) VALUES (2,'GUIFOES',2);

INSERT INTO Pessoa (nome,idade,NIF,Morada,tipoDePessoa) VALUES ('Joao Almeida',19,123456789,'Travessa da Aldeia','Socio');
INSERT INTO Pessoa (nome,idade,NIF,Morada,tipoDePessoa) VALUES ('Joao Costa',19,987654321,'Praceta 23','Socio');
INSERT INTO Pessoa (nome,idade,NIF,Morada,tipoDePessoa) VALUES ('Nuno Pinto',19,678921345,'Rua Imaculada Conceicao','Socio');
INSERT INTO Pessoa (nome,idade,NIF,Morada,tipoDePessoa) VALUES ('Joaquim Queiros',65,986754356,'Rua Mouzinho','Socio');
INSERT INTO Pessoa (nome,idade,NIF,Morada,tipoDePessoa) VALUES ('Telmo Cerquira',40,986799356,'Rua das Neves','Socio');
INSERT INTO Pessoa (nome,idade,NIF,Morada,tipoDePessoa) VALUES ('Filipa Eusebio',25,986718826,'Rua do Norte','Socio');
INSERT INTO Pessoa (nome,idade,NIF,Morada,tipoDePessoa) VALUES ('Ines Correia',13,986758886,'Rua de Santo Andre','Socio');
INSERT INTO Pessoa (nome,idade,NIF,Morada,tipoDePessoa) VALUES ('Helena Vieria',70,986324656,'Rua do fieiro','Socio');
INSERT INTO Pessoa (nome,idade,NIF,Morada,tipoDePessoa) VALUES ('Susana Eusebio',49,986754761,'Rua da Praia','Socio');
INSERT INTO Pessoa (nome,idade,NIF,Morada,tipoDePessoa) VALUES ('Lucio Cerqueira',33,983423586,'Rua do Teso','Socio');
INSERT INTO Pessoa (nome,idade,NIF,Morada,tipoDePessoa) VALUES ('Nelson Monte',19,765489324,'Rua da Igreja','Atleta');
INSERT INTO Pessoa (nome,idade,NIF,Morada,tipoDePessoa) VALUES ('Silverio Nunes',24,765994432,'Av. dos Banhos ','Atleta');
INSERT INTO Pessoa (nome,idade,NIF,Morada,tipoDePessoa) VALUES ('Ernesto Silva',30,765477234,'Av. dos Pescadores','Atleta');
INSERT INTO Pessoa (nome,idade,NIF,Morada,tipoDePessoa) VALUES ('Jose Domingos',26,744449324,'Rua do Graceiro','Atleta');
INSERT INTO Pessoa (nome,idade,NIF,Morada,tipoDePessoa) VALUES ('Filipe Monte',24,765485555,'Rua Sacra Familia','Atleta');
INSERT INTO Pessoa (nome,idade,NIF,Morada,tipoDePessoa) VALUES ('Geraldo Alves',29,762229324,'Rua de Lavadores','Atleta');
INSERT INTO Pessoa (nome,idade,NIF,Morada,tipoDePessoa) VALUES ('Marco Lopes',31,111289324,'Rua Central','Atleta');
INSERT INTO Pessoa (nome,idade,NIF,Morada,tipoDePessoa) VALUES ('Rita Monte',14,765886324,'Rua do Toureiro','Atleta');
INSERT INTO Pessoa (nome,idade,NIF,Morada,tipoDePessoa) VALUES ('Goncalo Paciencia',17,765122234,'Rua da Poca Larga ','Atleta');
INSERT INTO Pessoa (nome,idade,NIF,Morada,tipoDePessoa) VALUES ('Lucia Silva',18,765499922,'Rua do Lombo','Atleta');
INSERT INTO Pessoa (nome,idade,NIF,Morada,tipoDePessoa) VALUES ('Liliana Faria',19,332339324,'Rua da Igreja','Atleta');
INSERT INTO Pessoa (nome,idade,NIF,Morada,tipoDePessoa) VALUES ('Nelson Costa',33,765489300,'Rua do Paco','Atleta');
INSERT INTO Pessoa (nome,idade,NIF,Morada,tipoDePessoa) VALUES ('Francisca Ferreira',26,656489324,'Rua Sra. do Alivio','Atleta');
INSERT INTO Pessoa (nome,idade,NIF,Morada,tipoDePessoa) VALUES ('Justina Lopes',38,761219324,'Rua da Longa','Atleta');
INSERT INTO Pessoa (nome,idade,NIF,Morada,tipoDePessoa) VALUES ('Ina Alves',12,665489324,'Rua de Sejaes','Atleta');
INSERT INTO Pessoa (nome,idade,NIF,Morada,tipoDePessoa) VALUES ('Julia Esteves',10,765481424,'Rua Casas Novas','Atleta');
INSERT INTO Pessoa (nome,idade,NIF,Morada,tipoDePessoa) VALUES ('Ines Montenegro',23,443389324,'Rua da Serralheira','Atleta');
INSERT INTO Pessoa (nome,idade,NIF,Morada,tipoDePessoa) VALUES ('Cristiano Oliveira',23,443300324,'Rua do Ave','Atleta');
INSERT INTO Pessoa (nome,idade,NIF,Morada,tipoDePessoa) VALUES ('Ines Moreira',23,488389324,'Rua da Serra','Atleta');
INSERT INTO Pessoa (nome,idade,NIF,Morada,tipoDePessoa) VALUES ('Flor Costa',34,473389324,'Rua dos Cabos','Atleta');
INSERT INTO Pessoa (nome,idade,NIF,Morada,tipoDePessoa) VALUES ('Ruben Fangueiro',31,513609320,'Rua da Avenida Maior','Treinador');
INSERT INTO Pessoa (nome,idade,NIF,Morada,tipoDePessoa) VALUES ('Antonio Araujo',45,913730212,'Rua da Central','Treinador');
INSERT INTO Pessoa (nome,idade,NIF,Morada,tipoDePessoa) VALUES ('Ricardo Pereira',40,219051789,'Rua Igreja Matriz','Treinador');
INSERT INTO Pessoa (nome,idade,NIF,Morada,tipoDePessoa) VALUES ('Carlos Silva',36,51097448,'Rua do Aldao','Treinador');
INSERT INTO Pessoa (nome,idade,NIF,Morada,tipoDePessoa) VALUES ('Andre Lopes',29,409038612,'Rua Padrao Pinho','Treinador');
INSERT INTO Pessoa (nome,idade,NIF,Morada,tipoDePessoa) VALUES ('Hugo Paiva',26,413339324,'Av. Cabral dos Santos','Treinador');
INSERT INTO Pessoa (nome,idade,NIF,Morada,tipoDePessoa) VALUES ('Pedro Pinheiro',27,348910447,'Rua Antonio Costa','Treinador');
INSERT INTO Pessoa (nome,idade,NIF,Morada,tipoDePessoa) VALUES ('Joao Postiga',36,41888324,'Rua da Pedra','GestorFinanceiro');
INSERT INTO Pessoa (nome,idade,NIF,Morada,tipoDePessoa) VALUES ('Pedro Mesquita',40,41883324,'Rua Mouzino','GestorFinanceiro');
INSERT INTO Pessoa (nome,idade,NIF,Morada,tipoDePessoa) VALUES ('Nelson Monte',19,705489324,'Rua da Igreja','FuncionarioDeLimpeza');
INSERT INTO Pessoa (nome,idade,NIF,Morada,tipoDePessoa) VALUES ('Alice Novais',48,321907538,'Rua Policia Municipal','FuncionarioDeLimpeza');
INSERT INTO Pessoa (nome,idade,NIF,Morada,tipoDePessoa) VALUES ('Clarice Machado',54,705391024,'Avenida Santos Graca','FuncionarioDeLimpeza');
INSERT INTO Pessoa (nome,idade,NIF,Morada,tipoDePessoa) VALUES ('Maria do Ceu',50,301762987,'Avenida da Republica','FuncionarioDeLimpeza');
INSERT INTO Pessoa (nome,idade,NIF,Morada,tipoDePessoa) VALUES ('Maria Torre',50,301712081,'Avenida Torres','FuncionarioDeLimpeza');
INSERT INTO Pessoa (nome,idade,NIF,Morada,tipoDePessoa) VALUES ('Maria Eusebio',56,301763987,'Avenida Gomes Sa','FuncionarioDeLimpeza');
INSERT INTO Pessoa (nome,idade,NIF,Morada,tipoDePessoa) VALUES ('Claudia Pinto',27,760089324,'Rua da Rocha','FuncionarioDeSaude');
INSERT INTO Pessoa (nome,idade,NIF,Morada,tipoDePessoa) VALUES ('Abilio Pinto',55,301783932,'Rua das Macas','FuncionarioDeSaude');
INSERT INTO Pessoa (nome,idade,NIF,Morada,tipoDePessoa) VALUES ('Alberto Correira',43,580137932,'Rua Maria Aleluia','FuncionarioDeSaude');
INSERT INTO Pessoa (nome,idade,NIF,Morada,tipoDePessoa) VALUES ('Pablo Cancela',45,770174821,'Rua Americo Martins','FuncionarioDeSaude');

INSERT INTO Atleta (idPessoa,professional,idEquipa) VALUES (11,'YES',1);
INSERT INTO Atleta (idPessoa,professional,idEquipa) VALUES (12,'YES',1);
INSERT INTO Atleta (idPessoa,professional,idEquipa) VALUES (13,'YES',1);
INSERT INTO Atleta (idPessoa,professional,idEquipa) VALUES (14,'NO',1);
INSERT INTO Atleta (idPessoa,professional,idEquipa) VALUES (15,'YES',1);
INSERT INTO Atleta (idPessoa,professional,idEquipa) VALUES (16,'YES',1);
INSERT INTO Atleta (idPessoa,professional,idEquipa) VALUES (17,'YES',1);
INSERT INTO Atleta (idPessoa,professional,idEquipa) VALUES (18,'NO',1);
INSERT INTO Atleta (idPessoa,professional,idEquipa) VALUES (19,'YES',1);
INSERT INTO Atleta (idPessoa,professional,idEquipa) VALUES (20,'YES',1);
INSERT INTO Atleta (idPessoa,professional,idEquipa) VALUES (21,'YES',2);
INSERT INTO Atleta (idPessoa,professional,idEquipa) VALUES (22,'YES',2);
INSERT INTO Atleta (idPessoa,professional,idEquipa) VALUES (23,'YES',2);
INSERT INTO Atleta (idPessoa,professional,idEquipa) VALUES (24,'NO',2);
INSERT INTO Atleta (idPessoa,professional,idEquipa) VALUES (25,'YES',2);
INSERT INTO Atleta (idPessoa,professional,idEquipa) VALUES (26,'YES',2);
INSERT INTO Atleta (idPessoa,professional,idEquipa) VALUES (27,'NO',2);
INSERT INTO Atleta (idPessoa,professional,idEquipa) VALUES (28,'NO',2);
INSERT INTO Atleta (idPessoa,professional,idEquipa) VALUES (29,'YES',2);
INSERT INTO Atleta (idPessoa,professional,idEquipa) VALUES (30,'YES',2);

INSERT INTO Socio (idPessoa) VALUES (1);
INSERT INTO Socio (idPessoa) VALUES (2);
INSERT INTO Socio (idPessoa) VALUES (3);
INSERT INTO Socio (idPessoa) VALUES (4);
INSERT INTO Socio (idPessoa) VALUES (5);
INSERT INTO Socio (idPessoa) VALUES (6);
INSERT INTO Socio (idPessoa) VALUES (7);
INSERT INTO Socio (idPessoa) VALUES (8);
INSERT INTO Socio (idPessoa) VALUES (9);
INSERT INTO Socio (idPessoa) VALUES (10);

INSERT INTO ContratoDeSocio (mensalidade) VALUES (10);
INSERT INTO ContratoDeSocio (mensalidade) VALUES (10);
INSERT INTO ContratoDeSocio (mensalidade) VALUES (10);
INSERT INTO ContratoDeSocio (mensalidade) VALUES (10);
INSERT INTO ContratoDeSocio (mensalidade) VALUES (10);
INSERT INTO ContratoDeSocio (mensalidade) VALUES (10);
INSERT INTO ContratoDeSocio (mensalidade) VALUES (5);
INSERT INTO ContratoDeSocio (mensalidade) VALUES (10);
INSERT INTO ContratoDeSocio (mensalidade) VALUES (10);
INSERT INTO ContratoDeSocio (mensalidade) VALUES (10);

INSERT INTO Treinador (idPessoa,salario) VALUES (31,1000);
INSERT INTO Treinador (idPessoa,salario) VALUES (32,700);
INSERT INTO Treinador (idPessoa,salario) VALUES (33,700);
INSERT INTO Treinador (idPessoa,salario) VALUES (34,800);
INSERT INTO Treinador (idPessoa,salario) VALUES (35,750);
INSERT INTO Treinador (idPessoa,salario) VALUES (36,750);
INSERT INTO Treinador (idPessoa,salario) VALUES (37,800);

INSERT INTO GestorFinanceiro (idPessoa,salario) VALUES (38,2100);
INSERT INTO GestorFinanceiro (idPessoa,salario) VALUES (39,2000);

INSERT INTO FuncionarioDeLimpeza (idPessoa,salario) VALUES (40,600);
INSERT INTO  FuncionarioDeLimpeza (idPessoa,salario) VALUES (41,760);
INSERT INTO  FuncionarioDeLimpeza (idPessoa,salario) VALUES (42,800);
INSERT INTO  FuncionarioDeLimpeza (idPessoa,salario) VALUES (43,555);
INSERT INTO  FuncionarioDeLimpeza (idPessoa,salario) VALUES (44,675);
INSERT INTO  FuncionarioDeLimpeza (idPessoa,salario) VALUES (45,950);

INSERT INTO  ComplexoDesportivo (localizacao,capacidade) VALUES ('Povoa de Varzim',600);
INSERT INTO  ComplexoDesportivo (localizacao,capacidade) VALUES ('Aver-o-Mar',250);

INSERT INTO  Modalidade (nome,idComplexoDesportivo) VALUES ('Futebol',1);
INSERT INTO  Modalidade (nome,idComplexoDesportivo) VALUES ('Futebol',2);
INSERT INTO  Modalidade (nome,idComplexoDesportivo) VALUES ('Andebol',1);
INSERT INTO  Modalidade (nome,idComplexoDesportivo) VALUES ('Andebol',2);

INSERT INTO  Treino (DataTreino,hora,idModalidade,idEquipa,idComplexoDesportivo,idPessoa) VALUES ('Segundas, Tercas, Quintas', 8, 1, 1 , 1, 11);
INSERT INTO  Treino (DataTreino,hora,idModalidade,idEquipa,idComplexoDesportivo,idPessoa) VALUES ('Segundas, Tercas, Quintas', 8, 1, 1 , 1, 12);
INSERT INTO  Treino (DataTreino,hora,idModalidade,idEquipa,idComplexoDesportivo,idPessoa) VALUES ('Segundas, Tercas, Quintas', 8, 1, 1 , 1, 13);
INSERT INTO  Treino (DataTreino,hora,idModalidade,idEquipa,idComplexoDesportivo,idPessoa) VALUES ('Segundas, Tercas, Quintas', 8, 1, 1 , 1, 14);
INSERT INTO  Treino (DataTreino,hora,idModalidade,idEquipa,idComplexoDesportivo,idPessoa) VALUES ('Segundas, Tercas, Quintas', 8, 1, 1 , 1, 15);
INSERT INTO  Treino (DataTreino,hora,idModalidade,idEquipa,idComplexoDesportivo,idPessoa) VALUES ('Segundas, Quartas, Quintas', 15, 2, 2 , 2, 20);
INSERT INTO  Treino (DataTreino,hora,idModalidade,idEquipa,idComplexoDesportivo,idPessoa) VALUES ('Segundas, Quartas, Quintas', 15, 2, 2 , 2, 21);
INSERT INTO  Treino (DataTreino,hora,idModalidade,idEquipa,idComplexoDesportivo,idPessoa) VALUES ('Segundas, Quartas, Quintas', 15, 2, 2 , 2, 22);
INSERT INTO  Treino (DataTreino,hora,idModalidade,idEquipa,idComplexoDesportivo,idPessoa) VALUES ('Segundas, Quartas, Quintas', 15, 2, 2 , 2, 23);
INSERT INTO  Treino (DataTreino,hora,idModalidade,idEquipa,idComplexoDesportivo,idPessoa) VALUES ('Segundas, Quartas, Quintas', 15, 2, 2 , 2, 24);

INSERT INTO  Jogo (publico,DataJogo,hora,idComplexoDesportivo,idEquipa) VALUES ('TRUE','Sabados',16,1,1);
INSERT INTO  Jogo (publico,DataJogo,hora,idComplexoDesportivo,idEquipa) VALUES ('TRUE','Sabados',16,1,2);
INSERT INTO  Jogo (publico,DataJogo,hora,idComplexoDesportivo,idEquipa) VALUES ('TRUE','Sabados',16,2,1);
INSERT INTO  Jogo (publico,DataJogo,hora,idComplexoDesportivo,idEquipa) VALUES ('TRUE','Sabados',16,2,2);

INSERT INTO  CalendarioDeLimpeza (idFuncionarioDeLimpeza,idComplexoDesportivo,DataDeLimpeza,hora) VALUES (40,1,'Tercas-Feiras',12);
INSERT INTO  CalendarioDeLimpeza (idFuncionarioDeLimpeza,idComplexoDesportivo,DataDeLimpeza,hora) VALUES (41,1,'Tercas-Feiras',12);
INSERT INTO  CalendarioDeLimpeza (idFuncionarioDeLimpeza,idComplexoDesportivo,DataDeLimpeza,hora) VALUES (42,1,'Tercas-Feiras',12);
INSERT INTO  CalendarioDeLimpeza (idFuncionarioDeLimpeza,idComplexoDesportivo,DataDeLimpeza,hora) VALUES (43,2,'Quintas-Feiras',12);
INSERT INTO  CalendarioDeLimpeza (idFuncionarioDeLimpeza,idComplexoDesportivo,DataDeLimpeza,hora) VALUES (44,2,'Quintas-Feiras',12);
INSERT INTO  CalendarioDeLimpeza (idFuncionarioDeLimpeza,idComplexoDesportivo,DataDeLimpeza,hora) VALUES (45,2,'Quintas-Feiras',12);

INSERT INTO  Especializacao (nome) VALUES ('Ortopedia');
INSERT INTO  Especializacao (nome) VALUES ('Fisioterapia');
INSERT INTO  Especializacao (nome) VALUES ('Ortopedia');
INSERT INTO  Especializacao (nome) VALUES ('Fisioterapia');

INSERT INTO  FuncionarioDeSaude (idPessoa,salario,idEspecializacao) VALUES (46,3000,1);
INSERT INTO  FuncionarioDeSaude (idPessoa,salario,idEspecializacao) VALUES (47,1000,2);
INSERT INTO  FuncionarioDeSaude (idPessoa,salario,idEspecializacao) VALUES (48,3000,3);
INSERT INTO  FuncionarioDeSaude (idPessoa,salario,idEspecializacao) VALUES (49,1000,4);

INSERT INTO  CheckupAtleta (idFuncionarioDeSaude,idPessoa) VALUES (46,11);
INSERT INTO  CheckupAtleta (idFuncionarioDeSaude,idPessoa) VALUES (47,12);
INSERT INTO  CheckupAtleta (idFuncionarioDeSaude,idPessoa) VALUES (47,15);
INSERT INTO  CheckupAtleta (idFuncionarioDeSaude,idPessoa) VALUES (46,16);
INSERT INTO  CheckupAtleta (idFuncionarioDeSaude,idPessoa) VALUES (48,21);
INSERT INTO  CheckupAtleta (idFuncionarioDeSaude,idPessoa) VALUES (49,23);
INSERT INTO  CheckupAtleta (idFuncionarioDeSaude,idPessoa) VALUES (48,127);

INSERT INTO  TreinoAtleta (idTreino,idPessoa) VALUES (1,11);
INSERT INTO  TreinoAtleta (idTreino,idPessoa) VALUES (1,12);
INSERT INTO  TreinoAtleta (idTreino,idPessoa) VALUES (1,13);
INSERT INTO  TreinoAtleta (idTreino,idPessoa) VALUES (1,14);
INSERT INTO  TreinoAtleta (idTreino,idPessoa) VALUES (1,15);
INSERT INTO  TreinoAtleta (idTreino,idPessoa) VALUES (2,20);
INSERT INTO  TreinoAtleta (idTreino,idPessoa) VALUES (2,21);
INSERT INTO  TreinoAtleta (idTreino,idPessoa) VALUES (2,22);
INSERT INTO  TreinoAtleta (idTreino,idPessoa) VALUES (2,23);
INSERT INTO  TreinoAtleta (idTreino,idPessoa) VALUES (2,24);

INSERT INTO  TreinadorDaModalidade (idPessoa,idModalidade) VALUES (31,1);
INSERT INTO  TreinadorDaModalidade (idPessoa,idModalidade) VALUES (32,1);
INSERT INTO  TreinadorDaModalidade (idPessoa,idModalidade) VALUES (33,2);
INSERT INTO  TreinadorDaModalidade (idPessoa,idModalidade) VALUES (34,2);
INSERT INTO  TreinadorDaModalidade (idPessoa,idModalidade) VALUES (35,1);
INSERT INTO  TreinadorDaModalidade (idPessoa,idModalidade) VALUES (36,1);
INSERT INTO  TreinadorDaModalidade (idPessoa,idModalidade) VALUES (37,2);

INSERT INTO  TreinoAtleta (idTreino,idPessoa) VALUES (11,1);
INSERT INTO  TreinoAtleta (idTreino,idPessoa) VALUES (12,1);
INSERT INTO  TreinoAtleta (idTreino,idPessoa) VALUES (13,1);
INSERT INTO  TreinoAtleta (idTreino,idPessoa) VALUES (14,1);
INSERT INTO  TreinoAtleta (idTreino,idPessoa) VALUES (15,1);
INSERT INTO  TreinoAtleta (idTreino,idPessoa) VALUES (20,1);
INSERT INTO  TreinoAtleta (idTreino,idPessoa) VALUES (21,1);
INSERT INTO  TreinoAtleta (idTreino,idPessoa) VALUES (22,1);
INSERT INTO  TreinoAtleta (idTreino,idPessoa) VALUES (23,1);
INSERT INTO  TreinoAtleta (idTreino,idPessoa) VALUES (24,1);

